Workbook

Sheet Dashboard
A1: 就活状況ダッシュボード (Dashboard)
B3: 応募企業数 | E3: ES提出中 | H3: ES通過 | K3: SPI受験
B4: =COUNTA(Companies!A2:A100) | E4: =COUNTIF(Companies!E2:E100, "ES提出中") | H4: =COUNTIF(Companies!E2:E100, "ES通過") | K4: =COUNTIF(Companies!E2:E100, "SPI受験")
B6: 面接中 | E6: 結果待ち | H6: インターン決定 | K6: 内定
B7: =COUNTIF(Companies!E2:E100, "*面接*") + COUNTIF(Companies!E2:E100, "GD予定") | E7: =COUNTIF(Companies!E2:E100, "結果待ち") | H7: =COUNTIF(Companies!E2:E100, "インターン決定") + COUNTIF(Companies!E2:E100, "インターン参加予定") | K7: =COUNTIF(Companies!E2:E100, "内定")
B10: 選考通過率分析 | F10: 優先度別応募件数
B12: ES通過率 | C12: =COUNTIF(Companies!E2:E100, "ES通過")+COUNTIF(Companies!E2:E100, "*面接*")+COUNTIF(Companies!E2:E100, "内定") | D12: =IF(B4>0, C12/B4, 0) | F12: Sランク | G12: =COUNTIF(Companies!C2:C100, "S")
B13: SPI通過率 | C13: =COUNTIF(Companies!E2:E100, "SPI通過")+COUNTIF(Companies!E2:E100, "*面接*")+COUNTIF(Companies!E2:E100, "内定") | D13: =IF(B4>0, C13/B4, 0) | F13: Aランク | G13: =COUNTIF(Companies!C2:C100, "A")
B14: 面接通過率 | C14: =COUNTIF(Companies!E2:E100, "二次面接通過")+COUNTIF(Companies!E2:E100, "最終面接通過")+COUNTIF(Companies!E2:E100, "内定") | D14: =IF(B4>0, C14/B4, 0) | F14: Bランク | G14: =COUNTIF(Companies!C2:C100, "B")
B15: インターン参加率 | C15: =COUNTIF(Companies!E2:E100, "インターン参加中")+COUNTIF(Companies!E2:E100, "インターン決定") | D15: =IF(B4>0, C15/B4, 0) | F15: Cランク | G15: =COUNTIF(Companies!C2:C100, "C")

Sheet Timeline
A1: 【凡例】 | B1: ES | C1: SPI | D1: GD | E1: 面接 | F1: インターン | G1: 内定
A3: 企業名 | B3: 業界 | C3: 優先度 | D3: 志望度 | E3: ステータス | F3: 2026年 6月
F4: 1 (月) | G4: 2 (火) | H4: 3 (水) | I4: 4 (木) | J4: 5 (金) | K4: 6 (土) | L4: 7 (日) | M4: 8 (月) | N4: 9 (火) | O4: 10 (水) | P4: 11 (木) | Q4: 12 (金) | R4: 13 (土) | S4: 14 (日) | T4: 15 (月) | U4: 16 (火) | V4: 17 (水) | W4: 18 (木) | X4: 19 (金) | Y4: 20 (土) | Z4: 21 (日) | AA4: 22 (月) | AB4: 23 (火) | AC4: 24 (水) | AD4: 25 (木) | AE4: 26 (金) | AF4: 27 (土) | AG4: 28 (日) | AH4: 29 (月) | AI4: 30 (火)
A5: PwCコンサルティング | B5: コンサルティング | C5: S | D5: ★★★★★ | E5: 面接中 | F5: ES | O5: 面接 | AA5: インターン
A6: 三菱商事 | B6: 商社 | C6: S | D6: ★★★★★ | E6: ES提出中 | T6: ES
A7: トヨタ自動車 | B7: メーカー | C7: A | D7: ★★★★☆ | E7: インターン参加予定 | J7: 面接
A8: リクルート | B8: IT・Web | C8: A | D8: ★★★★☆ | E8: SPI受験 | Q8: SPI
A9: 野村総合研究所 | B9: シンクタンク | C9: A | D9: ★★★★☆ | E9: GD予定 | W9: GD
A10: ソニー | B10: メーカー | C10: B | D10: ★★★☆☆ | E10: 応募済 | Y10: ES
A11: 楽天グループ | B11: IT・Web | C11: B | D11: ★★★☆☆ | E11: 内定
A12: アクセンチュア | B12: コンサルティング | C12: B | D12: ★★★☆☆ | E12: ES通過
A13: みずほフィナンシャルG | B13: 金融 | C13: C | D13: ★★☆☆☆ | E13: 辞退

Sheet Companies
A1: 企業名 | B1: 業界 | C1: 優先度 | D1: 志望度 | E1: ステータス | F1: 応募日 | G1: ES締切 | H1: 備考
A2: PwCコンサルティング | B2: コンサルティング | C2: S | D2: ★★★★★ | E2: 面接中 | F2: 2026-05-10 | G2: 2026-06-05 | H2: 第一志望。面接対策必須 | J2: 応募済 | K2: S | L2: ★★★★★
A3: 三菱商事 | B3: 商社 | C3: S | D3: ★★★★★ | E3: ES提出中 | F3: 2026-06-01 | G3: 2026-06-25 | H3: OB訪問3名実施済 | J3: ES提出中 | K3: A | L3: ★★★★☆
A4: トヨタ自動車 | B4: メーカー | C4: A | D4: ★★★★☆ | E4: インターン参加予定 | F4: 2026-05-15 | G4: 2026-06-10 | H4: インターン選考通過、8月参加 | J4: ES通過 | K4: B | L4: ★★★☆☆
A5: リクルート | B5: IT・Web | C5: A | D5: ★★★★☆ | E5: SPI受験 | F5: 2026-05-20 | G5: 2026-06-15 | H5: テストセンター受験予定 | J5: ES不通過 | K5: C | L5: ★★☆☆☆
A6: 野村総合研究所 | B6: シンクタンク | C6: A | D6: ★★★★☆ | E6: GD予定 | F6: 2026-05-12 | G6: 2026-06-12 | H6: グループディスカッション対策 | J6: SPI受験 | L6: ★☆☆☆☆
A7: ソニー | B7: メーカー | C7: B | D7: ★★★☆☆ | E7: 応募済 | F7: 2026-06-05 | G7: 2026-06-30 | H7: 本選考エントリー | J7: SPI通過
A8: 楽天グループ | B8: IT・Web | C8: B | D8: ★★★☆☆ | E8: 内定 | F8: 2026-04-15 | G8: 2026-05-10 | H8: 早期内定。承諾保留中 | J8: SPI不通過
A9: アクセンチュア | B9: コンサルティング | C9: B | D9: ★★★☆☆ | E9: ES通過 | F9: 2026-05-01 | G9: 2026-05-25 | H9: 次ステージ面接 | J9: GD予定
A10: みずほフィナンシャルG | B10: 金融 | C10: C | D10: ★★☆☆☆ | E10: 辞退 | F10: 2026-05-05 | G10: 2026-05-20 | H10: 他社内定のため辞退 | J10: GD通過
J11: GD不通過
J12: 一次面接通過
J13: 二次面接通過
J14: 最終面接通過
J15: 結果待ち
J16: インターン参加予定
J17: インターン参加中
J18: インターン決定
J19: 内定
J20: 辞退

Sheet Events
A1: 企業名 | B1: イベント種別 | C1: 開始日 | D1: 終了日 | E1: 備考
A2: PwCコンサルティング | B2: ES | C2: 2026-06-01 | D2: 2026-06-05 | E2: 志望動機のブラッシュアップ
A3: PwCコンサルティング | B3: 面接 | C3: 2026-06-10 | D3: 2026-06-14 | E3: 二次面接（ケース含む）
A4: PwCコンサルティング | B4: インターン | C4: 2026-06-22 | D4: 2026-06-26 | E4: 夏期5daysインターン
A5: 三菱商事 | B5: ES | C5: 2026-06-15 | D5: 2026-06-25 | E5: インターンエントリー
A6: トヨタ自動車 | B6: 面接 | C6: 2026-06-05 | D6: 2026-06-09 | E6: インターン面接（パス済）
A7: リクルート | B7: SPI | C7: 2026-06-12 | D7: 2026-06-18 | E7: Webテスト受験期間
A8: 野村総合研究所 | B8: GD | C8: 2026-06-18 | D8: 2026-06-21 | E8: テーマ：新規事業立案
A9: ソニー | B9: ES | C9: 2026-06-20 | D9: 2026-06-30 | E9: 技術職エントリーシート

Sheet Analytics
A1: 就職活動 選考・統計分析レポーティング (Analytics)
A3: ステータス分布データ
A4: ステータス | B4: 社数
A5: 内定 | B5: =COUNTIF(Companies!E2:E100, "内定")
A6: 面接中 | B6: =COUNTIF(Companies!E2:E100, "*面接*")
A7: ES提出中 | B7: =COUNTIF(Companies!E2:E100, "ES提出中")
A8: 応募済 | B8: =COUNTIF(Companies!E2:E100, "応募済")
A9: インターン決定 | B9: =COUNTIF(Companies!E2:E100, "インターン決定")
A10: 辞退 | B10: =COUNTIF(Companies!E2:E100, "辞退")
