Workbook

Sheet Dashboard
A1: 就活管理システム v3.1
A3: 応募企業数 | D3: ES提出中 | G3: 面接予定数 | J3: 結果待ち
A4: =COUNTA(Companies!A:A)-1 | D4: =COUNTIF(Companies!E:E,"ES提出中") | G4: =COUNTIF(Companies!E:E,"一次面接予定")+COUNTIF(Companies!E:E,"二次面接予定")+COUNTIF(Companies!E:E,"最終面接予定") | J4: =COUNTIF(Companies!E:E,"結果待ち")
A7: インターン | D7: 内定 | G7: 締切3日以内 | J7: 今日のタスク
A8: =COUNTIF(Companies!E:E,"インターン参加予定")+COUNTIF(Companies!E:E,"インターン参加中")+COUNTIF(Companies!E:E,"インターン決定") | D8: =COUNTIF(Companies!E:E,"内定") | G8: =COUNTIF(Companies!H:H,"今日")+COUNTIF(Companies!H:H,"3日以内") | J8: =COUNTIF(Events!C:C,TODAY())
A12: 直近イベント | G12: 締切一覧
A13: 企業名 | B13: イベント | C13: 開始日 | D13: 終了日 | G13: 企業名 | H13: ES締切 | I13: 警告
A14: =Events!A2 | B14: =Events!B2 | C14: =Events!C2 | D14: =Events!D2 | G14: =Companies!A2 | H14: =Companies!G2 | I14: =Companies!H2
A15: =Events!A3 | B15: =Events!B3 | C15: =Events!C3 | D15: =Events!D3 | G15: =Companies!A3 | H15: =Companies!G3 | I15: =Companies!H3
A16: =Events!A4 | B16: =Events!B4 | C16: =Events!C4 | D16: =Events!D4 | G16: =Companies!A4 | H16: =Companies!G4 | I16: =Companies!H4
A17: =Events!A5 | B17: =Events!B5 | C17: =Events!C5 | D17: =Events!D5 | G17: =Companies!A5 | H17: =Companies!G5 | I17: =Companies!H5
A18: =Events!A6 | B18: =Events!B6 | C18: =Events!C6 | D18: =Events!D6 | G18: =Companies!A6 | H18: =Companies!G6 | I18: =Companies!H6
A19: =Events!A7 | B19: =Events!B7 | C19: =Events!C7 | D19: =Events!D7 | G19: =Companies!A7 | H19: =Companies!G7 | I19: =Companies!H7
A20: =Events!A8 | B20: =Events!B8 | C20: =Events!C8 | D20: =Events!D8 | G20: =Companies!A8 | H20: =Companies!G8 | I20: =Companies!H8
A21: =Events!A9 | B21: =Events!B9 | C21: =Events!C9 | D21: =Events!D9 | G21: =Companies!A9 | H21: =Companies!G9 | I21: =Companies!H9
A22: =Events!A10 | B22: =Events!B10 | C22: =Events!C10 | D22: =Events!D10 | G22: =Companies!A10 | H22: =Companies!G10 | I22: =Companies!H10
A23: =Events!A11 | B23: =Events!B11 | C23: =Events!C11 | D23: =Events!D11 | G23: =Companies!A11 | H23: =Companies!G11 | I23: =Companies!H11

Sheet Companies
A1: 企業名 | B1: 業界 | C1: 優先度 | D1: 志望度 | E1: ステータス | F1: 応募日 | G1: ES締切 | H1: 締切警告 | I1: マイページURL | J1: 備考
H2: =IF(G2="","",IF(G2<TODAY(),"期限切れ",IF(G2=TODAY(),"今日",IF(G2<=TODAY()+3,"3日以内",IF(G2<=TODAY()+7,"7日以内","")))))
H3: =IF(G3="","",IF(G3<TODAY(),"期限切れ",IF(G3=TODAY(),"今日",IF(G3<=TODAY()+3,"3日以内",IF(G3<=TODAY()+7,"7日以内","")))))
H4: =IF(G4="","",IF(G4<TODAY(),"期限切れ",IF(G4=TODAY(),"今日",IF(G4<=TODAY()+3,"3日以内",IF(G4<=TODAY()+7,"7日以内","")))))
H5: =IF(G5="","",IF(G5<TODAY(),"期限切れ",IF(G5=TODAY(),"今日",IF(G5<=TODAY()+3,"3日以内",IF(G5<=TODAY()+7,"7日以内","")))))
H6: =IF(G6="","",IF(G6<TODAY(),"期限切れ",IF(G6=TODAY(),"今日",IF(G6<=TODAY()+3,"3日以内",IF(G6<=TODAY()+7,"7日以内","")))))
H7: =IF(G7="","",IF(G7<TODAY(),"期限切れ",IF(G7=TODAY(),"今日",IF(G7<=TODAY()+3,"3日以内",IF(G7<=TODAY()+7,"7日以内","")))))
H8: =IF(G8="","",IF(G8<TODAY(),"期限切れ",IF(G8=TODAY(),"今日",IF(G8<=TODAY()+3,"3日以内",IF(G8<=TODAY()+7,"7日以内","")))))
H9: =IF(G9="","",IF(G9<TODAY(),"期限切れ",IF(G9=TODAY(),"今日",IF(G9<=TODAY()+3,"3日以内",IF(G9<=TODAY()+7,"7日以内","")))))
H10: =IF(G10="","",IF(G10<TODAY(),"期限切れ",IF(G10=TODAY(),"今日",IF(G10<=TODAY()+3,"3日以内",IF(G10<=TODAY()+7,"7日以内","")))))
H11: =IF(G11="","",IF(G11<TODAY(),"期限切れ",IF(G11=TODAY(),"今日",IF(G11<=TODAY()+3,"3日以内",IF(G11<=TODAY()+7,"7日以内","")))))
H12: =IF(G12="","",IF(G12<TODAY(),"期限切れ",IF(G12=TODAY(),"今日",IF(G12<=TODAY()+3,"3日以内",IF(G12<=TODAY()+7,"7日以内","")))))
H13: =IF(G13="","",IF(G13<TODAY(),"期限切れ",IF(G13=TODAY(),"今日",IF(G13<=TODAY()+3,"3日以内",IF(G13<=TODAY()+7,"7日以内","")))))
... H5000: =IF(G5000="","",IF(G5000<TODAY(),"期限切れ",IF(G5000=TODAY(),"今日",IF(G5000<=TODAY()+3,"3日以内",IF(G5000<=TODAY()+7,"7日以内","")))))

Sheet Events
A1: 企業名 | B1: イベント | C1: 開始日 | D1: 終了日 | E1: 開始時刻 | F1: 備考

Sheet Timeline
A1: 企業名 | B1: イベント | C1: 開始日 | D1: 終了日 | E1: =TODAY() | F1: =E1+1 | G1: =F1+1 | H1: =G1+1 | I1: =H1+1 | J1: =I1+1 | K1: =J1+1 | L1: =K1+1 | M1: =L1+1 | ... CP1: =CO1+1
A2: =Events!A2 | B2: =Events!B2 | C2: =Events!C2 | D2: =Events!D2
A3: =Events!A3 | B3: =Events!B3 | C3: =Events!C3 | D3: =Events!D3
A4: =Events!A4 | B4: =Events!B4 | C4: =Events!C4 | D4: =Events!D4
A5: =Events!A5 | B5: =Events!B5 | C5: =Events!C5 | D5: =Events!D5
A6: =Events!A6 | B6: =Events!B6 | C6: =Events!C6 | D6: =Events!D6
A7: =Events!A7 | B7: =Events!B7 | C7: =Events!C7 | D7: =Events!D7
A8: =Events!A8 | B8: =Events!B8 | C8: =Events!C8 | D8: =Events!D8
A9: =Events!A9 | B9: =Events!B9 | C9: =Events!C9 | D9: =Events!D9
A10: =Events!A10 | B10: =Events!B10 | C10: =Events!C10 | D10: =Events!D10
A11: =Events!A11 | B11: =Events!B11 | C11: =Events!C11 | D11: =Events!D11
A12: =Events!A12 | B12: =Events!B12 | C12: =Events!C12 | D12: =Events!D12
A13: =Events!A13 | B13: =Events!B13 | C13: =Events!C13 | D13: =Events!D13
... A301: =Events!A301 | B301: =Events!B301 | C301: =Events!C301 | D301: =Events!D301
A304: 凡例 | B304: イベント期間

Sheet Analytics
A1: Analytics
A3: 優先度 | B3: 件数 | D3: 志望度 | E3: 件数 | G3: ステータス | H3: 件数
A4: =_Master!B2 | B4: =IF(A4="","",COUNTIF(Companies!C:C,A4)) | D4: =_Master!C2 | E4: =IF(D4="","",COUNTIF(Companies!D:D,D4)) | G4: =_Master!D2 | H4: =IF(G4="","",COUNTIF(Companies!E:E,G4))
A5: =_Master!B3 | B5: =IF(A5="","",COUNTIF(Companies!C:C,A5)) | D5: =_Master!C3 | E5: =IF(D5="","",COUNTIF(Companies!D:D,D5)) | G5: =_Master!D3 | H5: =IF(G5="","",COUNTIF(Companies!E:E,G5))
A6: =_Master!B4 | B6: =IF(A6="","",COUNTIF(Companies!C:C,A6)) | D6: =_Master!C4 | E6: =IF(D6="","",COUNTIF(Companies!D:D,D6)) | G6: =_Master!D4 | H6: =IF(G6="","",COUNTIF(Companies!E:E,G6))
A7: =_Master!B5 | B7: =IF(A7="","",COUNTIF(Companies!C:C,A7)) | D7: =_Master!C5 | E7: =IF(D7="","",COUNTIF(Companies!D:D,D7)) | G7: =_Master!D5 | H7: =IF(G7="","",COUNTIF(Companies!E:E,G7))
A8: =_Master!B6 | B8: =IF(A8="","",COUNTIF(Companies!C:C,A8)) | D8: =_Master!C6 | E8: =IF(D8="","",COUNTIF(Companies!D:D,D8)) | G8: =_Master!D6 | H8: =IF(G8="","",COUNTIF(Companies!E:E,G8))
A9: =_Master!B7 | B9: =IF(A9="","",COUNTIF(Companies!C:C,A9)) | D9: =_Master!C7 | E9: =IF(D9="","",COUNTIF(Companies!D:D,D9)) | G9: =_Master!D7 | H9: =IF(G9="","",COUNTIF(Companies!E:E,G9))
A10: =_Master!B8 | B10: =IF(A10="","",COUNTIF(Companies!C:C,A10)) | D10: =_Master!C8 | E10: =IF(D10="","",COUNTIF(Companies!D:D,D10)) | G10: =_Master!D8 | H10: =IF(G10="","",COUNTIF(Companies!E:E,G10))
A11: =_Master!B9 | B11: =IF(A11="","",COUNTIF(Companies!C:C,A11)) | D11: =_Master!C9 | E11: =IF(D11="","",COUNTIF(Companies!D:D,D11)) | G11: =_Master!D9 | H11: =IF(G11="","",COUNTIF(Companies!E:E,G11))
A12: =_Master!B10 | B12: =IF(A12="","",COUNTIF(Companies!C:C,A12)) | D12: =_Master!C10 | E12: =IF(D12="","",COUNTIF(Companies!D:D,D12)) | G12: =_Master!D10 | H12: =IF(G12="","",COUNTIF(Companies!E:E,G12))
A13: =_Master!B11 | B13: =IF(A13="","",COUNTIF(Companies!C:C,A13)) | D13: =_Master!C11 | E13: =IF(D13="","",COUNTIF(Companies!D:D,D13)) | G13: =_Master!D11 | H13: =IF(G13="","",COUNTIF(Companies!E:E,G13))
A14: =_Master!B12 | B14: =IF(A14="","",COUNTIF(Companies!C:C,A14)) | D14: =_Master!C12 | E14: =IF(D14="","",COUNTIF(Companies!D:D,D14)) | G14: =_Master!D12 | H14: =IF(G14="","",COUNTIF(Companies!E:E,G14))
A15: =_Master!B13 | B15: =IF(A15="","",COUNTIF(Companies!C:C,A15)) | D15: =_Master!C13 | E15: =IF(D15="","",COUNTIF(Companies!D:D,D15)) | G15: =_Master!D13 | H15: =IF(G15="","",COUNTIF(Companies!E:E,G15))
... A103: =_Master!B101 | B103: =IF(A103="","",COUNTIF(Companies!C:C,A103)) | D103: =_Master!C101 | E103: =IF(D103="","",COUNTIF(Companies!D:D,D103)) | G103: =_Master!D101 | H103: =IF(G103="","",COUNTIF(Companies!E:E,G103))
G104: =_Master!D102 | H104: =IF(G104="","",COUNTIF(Companies!E:E,G104))
G105: =_Master!D103 | H105: =IF(G105="","",COUNTIF(Companies!E:E,G105))
G106: =_Master!D104 | H106: =IF(G106="","",COUNTIF(Companies!E:E,G106))
G107: =_Master!D105 | H107: =IF(G107="","",COUNTIF(Companies!E:E,G107))
G108: =_Master!D106 | H108: =IF(G108="","",COUNTIF(Companies!E:E,G108))
G109: =_Master!D107 | H109: =IF(G109="","",COUNTIF(Companies!E:E,G109))
G110: =_Master!D108 | H110: =IF(G110="","",COUNTIF(Companies!E:E,G110))
G111: =_Master!D109 | H111: =IF(G111="","",COUNTIF(Companies!E:E,G111))
G112: =_Master!D110 | H112: =IF(G112="","",COUNTIF(Companies!E:E,G112))
G113: =_Master!D111 | H113: =IF(G113="","",COUNTIF(Companies!E:E,G113))
G114: =_Master!D112 | H114: =IF(G114="","",COUNTIF(Companies!E:E,G114))
G115: =_Master!D113 | H115: =IF(G115="","",COUNTIF(Companies!E:E,G115))
... G203: =_Master!D201 | H203: =IF(G203="","",COUNTIF(Companies!E:E,G203))

Sheet Settings
A1: 項目 | B1: 値
A2: Version | B2: v3.1
A3: 作成日 | B3: 2026-06-15
A4: 最終更新日 | B4: 2026-06-15

Sheet _Master
A1: 業界 | B1: 優先度 | C1: 志望度 | D1: ステータス | E1: イベント
A2: コンサル | B2: S | C2: ★★★★★ | D2: 応募予定 | E2: 説明会
A3: 商社 | B3: A | C3: ★★★★☆ | D3: 応募済 | E3: ES
A4: メーカー | B4: B | C4: ★★★☆☆ | D4: ES提出中 | E4: SPI
A5: IT・Web | B5: C | C5: ★★☆☆☆ | D5: ES通過 | E5: GD
A6: シンクタンク | C6: ★☆☆☆☆ | D6: ES不通過 | E6: 一次面接
A7: 金融 | D7: SPI受験 | E7: 二次面接
A8: 人材 | D8: SPI通過 | E8: 最終面接
A9: 通信 | D9: SPI不通過 | E9: インターン
A10: 不動産 | D10: GD予定 | E10: 内定
A11: 広告 | D11: GD通過
A12: インフラ | D12: GD不通過
A13: 物流 | D13: 一次面接予定
A14: 公務員 | D14: 一次面接通過
A15: その他 | D15: 二次面接予定
D16: 二次面接通過
D17: 最終面接予定
D18: 最終面接通過
D19: 結果待ち
D20: インターン参加予定
D21: インターン参加中
D22: インターン決定
D23: 内定
D24: 辞退
